Team,Liga before Messi,Liga with Messi,Liga improvement,Copa before Messi,Copa with Messi,Copa improvement,Champions before Messi,Champions with Messi,Champions improvement
Barcelona,0.2191780821917808,0.6666666666666666,0.4474885844748858,0.24,0.4,0.16000000000000003,0.02040816326530612,0.26666666666666666,0.24625850340136055
Madrid,0.3972602739726027,0.26666666666666666,-0.13059360730593605,0.17,0.13333333333333333,-0.03666666666666668,0.1836734693877551,0.26666666666666666,0.08299319727891155
